
USE [LabEmployee2]
GO

SET IDENTITY_INSERT [dbo].[Employee] ON
GO

INSERT [dbo].[Employee] ([Id], [Name], [Age], [SequenceId], [Remark]) VALUES (N'64a59a25-2488-54b0-f6b4-c8af08a50cbf', N'Acker7', 47, 1, N'7782C8B87X1465AOEX9BT4SCUB3L183')
GO

INSERT [dbo].[Employee] ([Id], [Name], [Age], [SequenceId], [Remark]) VALUES (N'674934cc-42cf-20cf-1d4a-aea48a10ed18', N'Rodolfo36', 6, 2, N'RVH4')
GO

INSERT [dbo].[Employee] ([Id], [Name], [Age], [SequenceId], [Remark]) VALUES (N'34bd2cef-5026-567c-3b71-153b37881afe', N'Leigh6', 8, 3, N'S728N9C8Q051MC7NKH')
GO

INSERT [dbo].[Employee] ([Id], [Name], [Age], [SequenceId], [Remark]) VALUES (N'43a6bdf5-1b6b-451b-3695-2c566fa88632', N'Alaniz9', 107, 4, N'QLQV0U43GV82IUATN3NYNB1J842NH3VM9EZI41K362YHCZ9W09')
GO

INSERT [dbo].[Employee] ([Id], [Name], [Age], [SequenceId], [Remark]) VALUES (N'438598e2-2574-4fc8-2626-978952f080e4', N'Rebecca1983', 11, 5, N'95RJ30IP641E7RTR06BS2KY')
GO

INSERT [dbo].[Employee] ([Id], [Name], [Age], [SequenceId], [Remark]) VALUES (N'2b5f15b9-17d9-57e8-1e4a-aea48a10ed18', N'Avery1956', 7, 6, N'615NNG40D0D7')
GO

INSERT [dbo].[Employee] ([Id], [Name], [Age], [SequenceId], [Remark]) VALUES (N'174b8763-2707-7cb1-3c71-153b37881afe', N'Angel1992', 197, 7, N'KB3MW1')
GO

INSERT [dbo].[Employee] ([Id], [Name], [Age], [SequenceId], [Remark]) VALUES (N'48d04691-671b-2f98-de69-4afe230d73a5', N'Adler762', 143, 8, N'EF897LN7YI2452P541O')
GO

INSERT [dbo].[Employee] ([Id], [Name], [Age], [SequenceId], [Remark]) VALUES (N'6fcbca4a-7938-4339-51cb-b8d37b68af4d', N'Tania597', 140, 9, N'3FO4423VHZP9YU39YN')
GO

INSERT [dbo].[Employee] ([Id], [Name], [Age], [SequenceId], [Remark]) VALUES (N'271a41be-5739-6088-3795-2c566fa88632', N'Annamaria2005', 44, 10, N'393JM7E1D2C2X0MP2V9LF89T7J99O5URS798EPL4')
GO

INSERT [dbo].[Employee] ([Id], [Name], [Age], [SequenceId], [Remark]) VALUES (N'3052c754-3516-667a-3980-3a2297d01534', N'Lyons2007', 9, 11, N'363695B1')
GO

INSERT [dbo].[Employee] ([Id], [Name], [Age], [SequenceId], [Remark]) VALUES (N'2a3cacd6-1a30-6760-3769-9f77bda75690', N'Katelin2027', 165, 12, N'V7IO590K0460J77J2')
GO

INSERT [dbo].[Employee] ([Id], [Name], [Age], [SequenceId], [Remark]) VALUES (N'536f0d7b-6fd5-2bb9-52cb-b8d37b68af4d', N'Edward1982', 24, 13, N'H384YV692S')
GO

INSERT [dbo].[Employee] ([Id], [Name], [Age], [SequenceId], [Remark]) VALUES (N'7fc94edc-2827-7327-1f1e-21c6d80fbd76', N'Mac2024', 180, 14, N'KTJM2Y0GRPI32O53IPM4L53F0')
GO

INSERT [dbo].[Employee] ([Id], [Name], [Age], [SequenceId], [Remark]) VALUES (N'3c91bd67-6353-1edc-1f4a-aea48a10ed18', N'Charlette2012', 149, 15, N'5ZVA408M0BP590Y0118H7B6SG')
GO

INSERT [dbo].[Employee] ([Id], [Name], [Age], [SequenceId], [Remark]) VALUES (N'3c39055f-64c2-11b9-f7b4-c8af08a50cbf', N'Rufus845', 115, 16, N'0646023C2X5UW6V72KS091E860F')
GO

INSERT [dbo].[Employee] ([Id], [Name], [Age], [SequenceId], [Remark]) VALUES (N'7e336cda-7f4c-3a8e-3895-2c566fa88632', N'Clary2024', 183, 17, N'V2MR0Y2JGEF3V3G9')
GO

INSERT [dbo].[Employee] ([Id], [Name], [Age], [SequenceId], [Remark]) VALUES (N'794ca02a-1314-6ec3-df69-4afe230d73a5', N'Lawrence8', 112, 18, N'874631M1E70PH1')
GO

INSERT [dbo].[Employee] ([Id], [Name], [Age], [SequenceId], [Remark]) VALUES (N'188263d8-1426-370e-3869-9f77bda75690', N'Dan4', 69, 19, N'4151')
GO

INSERT [dbo].[Employee] ([Id], [Name], [Age], [SequenceId], [Remark]) VALUES (N'79c13594-4781-1b7c-204a-aea48a10ed18', N'Antony98', 107, 20, N'56VHWCHBF93497T65536666U9W632V2WTHT0X9')
GO

INSERT [dbo].[Employee] ([Id], [Name], [Age], [SequenceId], [Remark]) VALUES (N'3ef40874-7653-5c65-2726-978952f080e4', N'Garret2012', 191, 21, N'F')
GO

INSERT [dbo].[Employee] ([Id], [Name], [Age], [SequenceId], [Remark]) VALUES (N'1ef50b1c-1203-7f02-3a80-3a2297d01534', N'Shea3', 1, 22, N'OP5M1496N3HQZZ')
GO

INSERT [dbo].[Employee] ([Id], [Name], [Age], [SequenceId], [Remark]) VALUES (N'3679a94f-304b-6e8d-53cb-b8d37b68af4d', N'Albertine968', 1, 23, N'P462')
GO

INSERT [dbo].[Employee] ([Id], [Name], [Age], [SequenceId], [Remark]) VALUES (N'3cf1ead4-291e-575d-3b80-3a2297d01534', N'Crysta621', 129, 24, N'3')
GO

INSERT [dbo].[Employee] ([Id], [Name], [Age], [SequenceId], [Remark]) VALUES (N'70edc7b9-702f-70b2-3d71-153b37881afe', NULL, 148, 25, NULL)
GO

INSERT [dbo].[Employee] ([Id], [Name], [Age], [SequenceId], [Remark]) VALUES (N'131cd73b-3657-43f5-201e-21c6d80fbd76', N'Crocker2021', 169, 26, N'RJJ2S3U5C35S3R33I2P756H6QY16')
GO

INSERT [dbo].[Employee] ([Id], [Name], [Age], [SequenceId], [Remark]) VALUES (N'16fc94ab-327e-4d3a-3995-2c566fa88632', N'Alarcon257', 48, 27, N'A0439Z6ED29H873DP1CYX6IXL2044E316NV39971ZU5G1V2M90')
GO

INSERT [dbo].[Employee] ([Id], [Name], [Age], [SequenceId], [Remark]) VALUES (N'1aa330a8-4e48-7daf-214a-aea48a10ed18', N'Abram1', 21, 28, N'52V')
GO

INSERT [dbo].[Employee] ([Id], [Name], [Age], [SequenceId], [Remark]) VALUES (N'28aa154f-6d8f-745b-f8b4-c8af08a50cbf', N'Floria291', 3, 29, N'D1748XOHKCKDGG5D8')
GO

INSERT [dbo].[Employee] ([Id], [Name], [Age], [SequenceId], [Remark]) VALUES (N'751d9b3c-4512-268d-2826-978952f080e4', N'Marcelle62', 25, 30, N'W3WUYMNA1')
GO

INSERT [dbo].[Employee] ([Id], [Name], [Age], [SequenceId], [Remark]) VALUES (N'4569f996-12b0-64d5-54cb-b8d37b68af4d', N'Garland5', 177, 31, N'732NE0YH206FDT8I44N4N74318')
GO

INSERT [dbo].[Employee] ([Id], [Name], [Age], [SequenceId], [Remark]) VALUES (N'724a3873-137c-6563-3a95-2c566fa88632', N'Norberto665', 117, 32, N'4619118P9423YR3')
GO

INSERT [dbo].[Employee] ([Id], [Name], [Age], [SequenceId], [Remark]) VALUES (N'67408602-4805-48a7-224a-aea48a10ed18', N'Keck1972', 22, 33, N'UP1I509N')
GO

INSERT [dbo].[Employee] ([Id], [Name], [Age], [SequenceId], [Remark]) VALUES (N'36c45179-1fc2-27b2-3b95-2c566fa88632', N'Dalia2024', 190, 34, N'O35ZFX991BJ61T')
GO

INSERT [dbo].[Employee] ([Id], [Name], [Age], [SequenceId], [Remark]) VALUES (N'11db07ea-3a3f-169b-3c80-3a2297d01534', N'Cora2009', 71, 35, N'8SPW42IG9')
GO

INSERT [dbo].[Employee] ([Id], [Name], [Age], [SequenceId], [Remark]) VALUES (N'2cca9dd5-1228-294d-3e71-153b37881afe', N'Allen1984', 6, 36, N'011ZSUYD093EQ7OKT2Z7')
GO

INSERT [dbo].[Employee] ([Id], [Name], [Age], [SequenceId], [Remark]) VALUES (N'6d5cc407-7288-2823-55cb-b8d37b68af4d', N'Marhta5', 23, 37, N'ZKTWU29W383V')
GO

INSERT [dbo].[Employee] ([Id], [Name], [Age], [SequenceId], [Remark]) VALUES (N'492c33d2-2e7e-39f3-2926-978952f080e4', N'Tomas2002', 97, 38, N'614Q195RFK0U5PU6QN3OC3MN289MU67J163')
GO

INSERT [dbo].[Employee] ([Id], [Name], [Age], [SequenceId], [Remark]) VALUES (N'48ecd789-755b-3d53-3f71-153b37881afe', N'Julio1986', 25, 39, N'83264MQ3')
GO

INSERT [dbo].[Employee] ([Id], [Name], [Age], [SequenceId], [Remark]) VALUES (N'228b85f5-52b1-2110-e069-4afe230d73a5', N'Perry166', 70, 40, N'X7D3')
GO

INSERT [dbo].[Employee] ([Id], [Name], [Age], [SequenceId], [Remark]) VALUES (N'7a7d008f-16e6-64f9-234a-aea48a10ed18', N'Maryellen126', 76, 41, N'UC47JJ13R275MQRLN1GBFVV')
GO

INSERT [dbo].[Employee] ([Id], [Name], [Age], [SequenceId], [Remark]) VALUES (N'44eaf230-462a-493b-3d80-3a2297d01534', NULL, 167, 42, NULL)
GO

INSERT [dbo].[Employee] ([Id], [Name], [Age], [SequenceId], [Remark]) VALUES (N'6acf37bb-5f8e-320e-3969-9f77bda75690', N'Adalberto972', 146, 43, N'Y')
GO

INSERT [dbo].[Employee] ([Id], [Name], [Age], [SequenceId], [Remark]) VALUES (N'69b684a9-3962-48e7-56cb-b8d37b68af4d', N'Carmelo1971', 183, 44, N'D8QW2')
GO

INSERT [dbo].[Employee] ([Id], [Name], [Age], [SequenceId], [Remark]) VALUES (N'2a4dcb61-3cde-2171-2a26-978952f080e4', N'Kati61', 156, 45, N'ZQ4HC83N05RP37R61QZ3V8X3IHK')
GO

INSERT [dbo].[Employee] ([Id], [Name], [Age], [SequenceId], [Remark]) VALUES (N'5e95cda4-3f52-314f-f9b4-c8af08a50cbf', N'Hooker2016', 79, 46, N'L0')
GO

INSERT [dbo].[Employee] ([Id], [Name], [Age], [SequenceId], [Remark]) VALUES (N'5c9053fa-24e2-218e-e169-4afe230d73a5', N'Kellie7', 3, 47, N'2MRT36HEN8086071042751UQ2S043GZR038B1')
GO

INSERT [dbo].[Employee] ([Id], [Name], [Age], [SequenceId], [Remark]) VALUES (N'1eb42cb0-2796-7c6b-4071-153b37881afe', N'Valdes5', 86, 48, N'1088A1')
GO

INSERT [dbo].[Employee] ([Id], [Name], [Age], [SequenceId], [Remark]) VALUES (N'64a92470-6127-1432-211e-21c6d80fbd76', NULL, 63, 49, NULL)
GO

INSERT [dbo].[Employee] ([Id], [Name], [Age], [SequenceId], [Remark]) VALUES (N'6fe7520c-5758-2461-3a69-9f77bda75690', N'Louise368', 65, 50, N'MO84M1G6R0194D7NB2QI3C3T3LA85Y4')
GO

INSERT [dbo].[Employee] ([Id], [Name], [Age], [SequenceId], [Remark]) VALUES (N'180dd722-49a7-2b93-fab4-c8af08a50cbf', N'Elbert1966', 132, 51, N'TP779VFKHUTP44EI881QIBD30071')
GO

INSERT [dbo].[Employee] ([Id], [Name], [Age], [SequenceId], [Remark]) VALUES (N'236283fa-1c9f-2733-221e-21c6d80fbd76', N'Adan97', 71, 52, N'DD4L3GVE4M36O07TEXD4160OPOL39VC')
GO

INSERT [dbo].[Employee] ([Id], [Name], [Age], [SequenceId], [Remark]) VALUES (N'13145f26-13f8-7f78-3e80-3a2297d01534', N'Mccann2018', 175, 53, N'4D272J5')
GO

INSERT [dbo].[Employee] ([Id], [Name], [Age], [SequenceId], [Remark]) VALUES (N'25d65c3f-4a6c-3a01-3c95-2c566fa88632', N'Barnhill2007', 100, 54, N'24P4K2U78Y6M6F')
GO

INSERT [dbo].[Employee] ([Id], [Name], [Age], [SequenceId], [Remark]) VALUES (N'7f2f326b-4385-3beb-244a-aea48a10ed18', N'Lorri1978', 130, 55, N'UDI3')
GO

INSERT [dbo].[Employee] ([Id], [Name], [Age], [SequenceId], [Remark]) VALUES (N'6d3b9bea-50e2-3fe2-3d95-2c566fa88632', N'Boris985', 93, 56, N'Q5BVLZ6R0K')
GO

INSERT [dbo].[Employee] ([Id], [Name], [Age], [SequenceId], [Remark]) VALUES (N'2af78bcb-2bab-51c2-57cb-b8d37b68af4d', N'Roberge5', 27, 57, N'4WCMN887C8PQ9L1AMB')
GO

INSERT [dbo].[Employee] ([Id], [Name], [Age], [SequenceId], [Remark]) VALUES (N'3e805329-4dde-7c42-3f80-3a2297d01534', N'Holland2015', 40, 58, N'6AD')
GO

INSERT [dbo].[Employee] ([Id], [Name], [Age], [SequenceId], [Remark]) VALUES (N'23d3e425-72b1-1755-254a-aea48a10ed18', N'Chu2011', 118, 59, N'Y')
GO

INSERT [dbo].[Employee] ([Id], [Name], [Age], [SequenceId], [Remark]) VALUES (N'406501b7-7932-293c-3e95-2c566fa88632', N'Acevedo683', 116, 60, N'8UD58QM98W65MZM35C5E')
GO

INSERT [dbo].[Employee] ([Id], [Name], [Age], [SequenceId], [Remark]) VALUES (N'1f818a24-3e97-339a-3b69-9f77bda75690', N'Almeida1983', 198, 61, N'PJ2TK9GVRI1T5')
GO

INSERT [dbo].[Employee] ([Id], [Name], [Age], [SequenceId], [Remark]) VALUES (N'4efb4721-715b-2d1c-264a-aea48a10ed18', N'Landon77', 88, 62, N'CL8OG39CJHY5CF8Q1K')
GO

INSERT [dbo].[Employee] ([Id], [Name], [Age], [SequenceId], [Remark]) VALUES (N'2cf45a23-4a27-72fb-3f95-2c566fa88632', N'Omar2027', 200, 63, N'D')
GO

INSERT [dbo].[Employee] ([Id], [Name], [Age], [SequenceId], [Remark]) VALUES (N'16901daa-2657-688d-274a-aea48a10ed18', N'Macklin267', 172, 64, N'8V2')
GO

INSERT [dbo].[Employee] ([Id], [Name], [Age], [SequenceId], [Remark]) VALUES (N'128c9c31-1636-6547-e269-4afe230d73a5', N'Tate1988', 67, 65, N'12TX89N044O24135IG7077P')
GO

INSERT [dbo].[Employee] ([Id], [Name], [Age], [SequenceId], [Remark]) VALUES (N'176a9101-657e-3593-231e-21c6d80fbd76', N'Oconnor2026', 51, 66, N'1Y05OI695RR1ASA8CZLN8GPPAV')
GO

INSERT [dbo].[Employee] ([Id], [Name], [Age], [SequenceId], [Remark]) VALUES (N'4cad8606-32c9-3513-fbb4-c8af08a50cbf', N'Quezada2021', 5, 67, N'0')
GO

INSERT [dbo].[Employee] ([Id], [Name], [Age], [SequenceId], [Remark]) VALUES (N'77f9db4f-5327-23f3-2b26-978952f080e4', N'Blanchard694', 57, 68, N'P0PP4A5Z70')
GO

INSERT [dbo].[Employee] ([Id], [Name], [Age], [SequenceId], [Remark]) VALUES (N'42e76f39-5529-3e7f-e369-4afe230d73a5', N'Akiko1964', 32, 69, N'GIK258Q4976502QLW5O')
GO

INSERT [dbo].[Employee] ([Id], [Name], [Age], [SequenceId], [Remark]) VALUES (N'44edba69-403e-3174-4171-153b37881afe', N'Todd1981', 111, 70, N'4R')
GO

INSERT [dbo].[Employee] ([Id], [Name], [Age], [SequenceId], [Remark]) VALUES (N'534b8747-70b5-36a6-58cb-b8d37b68af4d', N'Galvan2023', 114, 71, N'D82TO51S6PI71M')
GO

INSERT [dbo].[Employee] ([Id], [Name], [Age], [SequenceId], [Remark]) VALUES (N'38d0c8d3-7e6b-7ced-4095-2c566fa88632', N'Louie1', 124, 72, N'TSN1223WNDD5LAV6KA4MLRD2N8L4H9RA')
GO

INSERT [dbo].[Employee] ([Id], [Name], [Age], [SequenceId], [Remark]) VALUES (N'59d2ec76-7794-6092-284a-aea48a10ed18', N'Adamson1980', 189, 73, N'9O2894KB396O34')
GO

INSERT [dbo].[Employee] ([Id], [Name], [Age], [SequenceId], [Remark]) VALUES (N'63605f9a-664d-1c51-fcb4-c8af08a50cbf', N'Adelaida2019', 123, 74, N'HL2N4224UE5KEG25B1RF18YR3')
GO

INSERT [dbo].[Employee] ([Id], [Name], [Age], [SequenceId], [Remark]) VALUES (N'2997b570-182c-1e2e-2c26-978952f080e4', N'Alissa1999', 99, 75, N'EB2PHAZ768SU2MCQUTS')
GO

INSERT [dbo].[Employee] ([Id], [Name], [Age], [SequenceId], [Remark]) VALUES (N'285bb738-292a-40ac-e469-4afe230d73a5', N'Duvall1953', 1, 76, N'659I5MJPTU9Y96670SW1G0UEVFQ')
GO

INSERT [dbo].[Employee] ([Id], [Name], [Age], [SequenceId], [Remark]) VALUES (N'59c8e347-352c-11cc-4195-2c566fa88632', N'Marcos79', 117, 77, N'HMH6')
GO

INSERT [dbo].[Employee] ([Id], [Name], [Age], [SequenceId], [Remark]) VALUES (N'5330491b-2e0d-76e5-294a-aea48a10ed18', N'Messina2015', 171, 78, N'J')
GO

INSERT [dbo].[Employee] ([Id], [Name], [Age], [SequenceId], [Remark]) VALUES (N'2510011f-7734-4a66-3c69-9f77bda75690', NULL, 146, 79, NULL)
GO

INSERT [dbo].[Employee] ([Id], [Name], [Age], [SequenceId], [Remark]) VALUES (N'17550e17-585d-701d-fdb4-c8af08a50cbf', N'Jerold185', 187, 80, N'Q38W6LGWPCUD7F')
GO

INSERT [dbo].[Employee] ([Id], [Name], [Age], [SequenceId], [Remark]) VALUES (N'122a77f9-5685-12de-4080-3a2297d01534', N'Coralee366', 65, 81, N'DZ')
GO

INSERT [dbo].[Employee] ([Id], [Name], [Age], [SequenceId], [Remark]) VALUES (N'6558b3ce-3021-5467-4295-2c566fa88632', N'Domingo868', 59, 82, N'VDY0W3B17U4')
GO

INSERT [dbo].[Employee] ([Id], [Name], [Age], [SequenceId], [Remark]) VALUES (N'43c28052-24df-5238-2a4a-aea48a10ed18', N'Poindexter715', 110, 83, N'VMP0X1O8')
GO

INSERT [dbo].[Employee] ([Id], [Name], [Age], [SequenceId], [Remark]) VALUES (N'1cd29b36-735e-4507-4395-2c566fa88632', N'Rogelio2020', 141, 84, N'T3185DT9QN4V55S2MTK0JL6AO744J3')
GO

INSERT [dbo].[Employee] ([Id], [Name], [Age], [SequenceId], [Remark]) VALUES (N'2bd742e7-2f5a-3eae-241e-21c6d80fbd76', N'Stella2028', 11, 85, N'82R887')
GO

INSERT [dbo].[Employee] ([Id], [Name], [Age], [SequenceId], [Remark]) VALUES (N'42950a9c-2cfa-3933-4271-153b37881afe', N'Joe2020', 107, 86, N'3312FC1GG04HBG2E059D9')
GO

INSERT [dbo].[Employee] ([Id], [Name], [Age], [SequenceId], [Remark]) VALUES (N'153ab8dd-24df-3392-e569-4afe230d73a5', N'Emanuel2024', 126, 87, N'045N6T0S996877905H50X504WE2252O6VC09NUQUKHD2')
GO

INSERT [dbo].[Employee] ([Id], [Name], [Age], [SequenceId], [Remark]) VALUES (N'4abe5367-730a-5742-59cb-b8d37b68af4d', N'Amparo2002', 116, 88, N'4507')
GO

INSERT [dbo].[Employee] ([Id], [Name], [Age], [SequenceId], [Remark]) VALUES (N'3e1a01ba-4a49-2570-2d26-978952f080e4', N'Buckley447', 34, 89, N'C3A')
GO

INSERT [dbo].[Employee] ([Id], [Name], [Age], [SequenceId], [Remark]) VALUES (N'4511c5e9-17d7-743e-2b4a-aea48a10ed18', N'Shelby1970', 108, 90, N'T4U069W2LV138YV')
GO

INSERT [dbo].[Employee] ([Id], [Name], [Age], [SequenceId], [Remark]) VALUES (N'15b74345-3676-3005-feb4-c8af08a50cbf', N'Glover2002', 191, 91, N'JMW0342T8010W86176ZPHHJD1M37J2XJGED2DDIA8')
GO

INSERT [dbo].[Employee] ([Id], [Name], [Age], [SequenceId], [Remark]) VALUES (N'26e66448-44a8-39c1-e669-4afe230d73a5', N'Daron582', 38, 92, N'38NG47FP6WV2COB5092A')
GO

INSERT [dbo].[Employee] ([Id], [Name], [Age], [SequenceId], [Remark]) VALUES (N'5cf37f24-5c9d-49a9-4371-153b37881afe', N'Lombardo983', 73, 93, N'8X012')
GO

INSERT [dbo].[Employee] ([Id], [Name], [Age], [SequenceId], [Remark]) VALUES (N'5fc77644-30f7-78aa-3d69-9f77bda75690', N'Shanta2025', 184, 94, N'VCM9D27G76MRBDPMCH93KXF125BI4NGRQS9998517P490H3ACJ')
GO

INSERT [dbo].[Employee] ([Id], [Name], [Age], [SequenceId], [Remark]) VALUES (N'29318abd-6a6c-7a98-ffb4-c8af08a50cbf', NULL, 25, 95, NULL)
GO

INSERT [dbo].[Employee] ([Id], [Name], [Age], [SequenceId], [Remark]) VALUES (N'3a8da253-7acf-2c70-2e26-978952f080e4', NULL, 140, 96, NULL)
GO

INSERT [dbo].[Employee] ([Id], [Name], [Age], [SequenceId], [Remark]) VALUES (N'4b7e1819-5124-575e-4471-153b37881afe', NULL, 6, 97, NULL)
GO

INSERT [dbo].[Employee] ([Id], [Name], [Age], [SequenceId], [Remark]) VALUES (N'42784277-1650-434a-251e-21c6d80fbd76', NULL, 33, 98, NULL)
GO

INSERT [dbo].[Employee] ([Id], [Name], [Age], [SequenceId], [Remark]) VALUES (N'3762edc1-6275-6d66-e769-4afe230d73a5', NULL, 68, 99, NULL)
GO

INSERT [dbo].[Employee] ([Id], [Name], [Age], [SequenceId], [Remark]) VALUES (N'4c14b14c-7023-7881-2f26-978952f080e4', NULL, 5, 100, NULL)
GO

SET IDENTITY_INSERT [dbo].[Employee] OFF
GO

SET IDENTITY_INSERT [dbo].[Identity] ON
GO

INSERT [dbo].[Identity] ([Employee_Id], [Account], [Password], [SequenceId], [Remark]) VALUES (N'48ecd789-755b-3d53-3f71-153b37881afe', N'80460', N'00A848KWU', 1, N'WCC94WA7S70')
GO

INSERT [dbo].[Identity] ([Employee_Id], [Account], [Password], [SequenceId], [Remark]) VALUES (N'4c14b14c-7023-7881-2f26-978952f080e4', N'19222', N'Q74', 2, N'J6O39DFL85')
GO

INSERT [dbo].[Identity] ([Employee_Id], [Account], [Password], [SequenceId], [Remark]) VALUES (N'26e66448-44a8-39c1-e669-4afe230d73a5', N'86849', N'T', 3, N'PU77823H9ANM99OGB57T081J041U611027HEV1F47A95B5BNIL')
GO

INSERT [dbo].[Identity] ([Employee_Id], [Account], [Password], [SequenceId], [Remark]) VALUES (N'2a4dcb61-3cde-2171-2a26-978952f080e4', N'08276', N'3NO40JEX3LQ8', 4, N'847K1H34H3TFD02EJZC5016J29X')
GO

INSERT [dbo].[Identity] ([Employee_Id], [Account], [Password], [SequenceId], [Remark]) VALUES (N'6d3b9bea-50e2-3fe2-3d95-2c566fa88632', N'23003', N'SI15W4575I527TR7', 5, N'U287N8G8')
GO

INSERT [dbo].[Identity] ([Employee_Id], [Account], [Password], [SequenceId], [Remark]) VALUES (N'2bd742e7-2f5a-3eae-241e-21c6d80fbd76', N'68767', N'D80X', 6, NULL)
GO

INSERT [dbo].[Identity] ([Employee_Id], [Account], [Password], [SequenceId], [Remark]) VALUES (N'5cf37f24-5c9d-49a9-4371-153b37881afe', N'47864', N'E9DL', 7, N'H7379871K9B7192931C56')
GO

INSERT [dbo].[Identity] ([Employee_Id], [Account], [Password], [SequenceId], [Remark]) VALUES (N'5e95cda4-3f52-314f-f9b4-c8af08a50cbf', N'44963', N'2Q507C026274Y7E8W7RHCC5M970G3P', 8, N'ZADG81848Q244M66K868LQ07I2OL8V7KG0Z569M8843')
GO

INSERT [dbo].[Identity] ([Employee_Id], [Account], [Password], [SequenceId], [Remark]) VALUES (N'28aa154f-6d8f-745b-f8b4-c8af08a50cbf', N'15878', N'JQO10XA4X306P44GU1J34HN4N3USVDCUE720Y0KCZD65Y4N545', 9, N'208A')
GO

INSERT [dbo].[Identity] ([Employee_Id], [Account], [Password], [SequenceId], [Remark]) VALUES (N'2af78bcb-2bab-51c2-57cb-b8d37b68af4d', N'40093', N'P56258', 10, N'DS')
GO

INSERT [dbo].[Identity] ([Employee_Id], [Account], [Password], [SequenceId], [Remark]) VALUES (N'42e76f39-5529-3e7f-e369-4afe230d73a5', N'75351', N'36GSX', 11, N'K90R7TA8J7F1B9Z26Z41K16G4HWJQ6T')
GO

INSERT [dbo].[Identity] ([Employee_Id], [Account], [Password], [SequenceId], [Remark]) VALUES (N'228b85f5-52b1-2110-e069-4afe230d73a5', N'34115', N'55MD8WQ4V48JVFPP7699MKJ2I8V0680C32K26', 12, N'V8QBV8D')
GO

INSERT [dbo].[Identity] ([Employee_Id], [Account], [Password], [SequenceId], [Remark]) VALUES (N'5c9053fa-24e2-218e-e169-4afe230d73a5', N'89169', N'76', 13, N'5X')
GO

INSERT [dbo].[Identity] ([Employee_Id], [Account], [Password], [SequenceId], [Remark]) VALUES (N'42950a9c-2cfa-3933-4271-153b37881afe', N'37957', N'SY9NB4RU8VXGE940', 14, N'VJ114IN5N5TX32M78K11Z5WU56W004GA8YD')
GO

INSERT [dbo].[Identity] ([Employee_Id], [Account], [Password], [SequenceId], [Remark]) VALUES (N'3e805329-4dde-7c42-3f80-3a2297d01534', N'05398', N'9ZWCF8', 15, N'5CJU98056Q810VMJ')
GO

INSERT [dbo].[Identity] ([Employee_Id], [Account], [Password], [SequenceId], [Remark]) VALUES (N'6fcbca4a-7938-4339-51cb-b8d37b68af4d', N'69532', N'X4544SP0V27SS4335I0530I8LW73NN103P', 16, N'ZY88098W937ISU648FJ9AGBQ7GY16Y4')
GO

INSERT [dbo].[Identity] ([Employee_Id], [Account], [Password], [SequenceId], [Remark]) VALUES (N'79c13594-4781-1b7c-204a-aea48a10ed18', N'93261', N'K261F7Q918750Q49SXI353FTIF7UNF1YCK1Z89L207Y4F2D3O6', 17, N'NXVP6UL3M29I69UV592K5OF0AD45J604NYT69A6008V')
GO

INSERT [dbo].[Identity] ([Employee_Id], [Account], [Password], [SequenceId], [Remark]) VALUES (N'5fc77644-30f7-78aa-3d69-9f77bda75690', N'76457', N'9LJQ5L6', 18, N'A8N54XT3FQ9H75H7E5IBH6213E')
GO

INSERT [dbo].[Identity] ([Employee_Id], [Account], [Password], [SequenceId], [Remark]) VALUES (N'1eb42cb0-2796-7c6b-4071-153b37881afe', N'33589', N'13MF3Z67O4', 19, N'3XBTJ164')
GO

INSERT [dbo].[Identity] ([Employee_Id], [Account], [Password], [SequenceId], [Remark]) VALUES (N'17550e17-585d-701d-fdb4-c8af08a50cbf', N'32014', N'3V2009C6D1T', 20, N'NMT82A816IQ6M8WP0ZB1RJ8X2S12OK8HVZ764159Q1SU211G6C')
GO

INSERT [dbo].[Identity] ([Employee_Id], [Account], [Password], [SequenceId], [Remark]) VALUES (N'271a41be-5739-6088-3795-2c566fa88632', N'88231', N'S5173UQ6Q56X8K9NB1S20', 21, N'H')
GO

INSERT [dbo].[Identity] ([Employee_Id], [Account], [Password], [SequenceId], [Remark]) VALUES (N'3ef40874-7653-5c65-2726-978952f080e4', N'16874', N'Q9VPS9M70Y40JK8034857428V0MS8', 22, N'85RVYO2Z2D26OKBNTNBR0DTY2BU14OD317TT282GB30F4HS2ZM')
GO

INSERT [dbo].[Identity] ([Employee_Id], [Account], [Password], [SequenceId], [Remark]) VALUES (N'751d9b3c-4512-268d-2826-978952f080e4', N'01414', N'I', 23, N'V48H445V07C27638')
GO

INSERT [dbo].[Identity] ([Employee_Id], [Account], [Password], [SequenceId], [Remark]) VALUES (N'3052c754-3516-667a-3980-3a2297d01534', N'51627', N'T330O1H39635QC', 24, N'6A8QFR84AX9VZ977W7P3MJF68W493JK4Z2BD6851279292LB2Q')
GO

INSERT [dbo].[Identity] ([Employee_Id], [Account], [Password], [SequenceId], [Remark]) VALUES (N'7a7d008f-16e6-64f9-234a-aea48a10ed18', N'82218', N'QEAX49EH211YJL4HL4G36K8CT65HA1GH05W4F6ZTDH78S6B190', 25, N'206D01U55')
GO

INSERT [dbo].[Identity] ([Employee_Id], [Account], [Password], [SequenceId], [Remark]) VALUES (N'23d3e425-72b1-1755-254a-aea48a10ed18', N'38423', N'UZ6N3G7632CLIU22M5A2IX4', 26, N'4A851GIX7E3Y8701103626HM')
GO

INSERT [dbo].[Identity] ([Employee_Id], [Account], [Password], [SequenceId], [Remark]) VALUES (N'4569f996-12b0-64d5-54cb-b8d37b68af4d', N'55629', N'I0Y0K497DCR6KUCW9D519WC3GA37Z09I8GQ61AG9Y638N704JC', 27, N'166J5HKT')
GO

INSERT [dbo].[Identity] ([Employee_Id], [Account], [Password], [SequenceId], [Remark]) VALUES (N'153ab8dd-24df-3392-e569-4afe230d73a5', N'76086', N'68L2V5M5JF120O69AR', 28, N'R7')
GO

INSERT [dbo].[Identity] ([Employee_Id], [Account], [Password], [SequenceId], [Remark]) VALUES (N'29318abd-6a6c-7a98-ffb4-c8af08a50cbf', N'96465', N'EX4G8A803V45F97UC0PS35C', 29, N'78SXRA')
GO

INSERT [dbo].[Identity] ([Employee_Id], [Account], [Password], [SequenceId], [Remark]) VALUES (N'44edba69-403e-3174-4171-153b37881afe', N'24936', N'8V9KCL99AHM56V5XSIIR', 30, N'DN')
GO

INSERT [dbo].[Identity] ([Employee_Id], [Account], [Password], [SequenceId], [Remark]) VALUES (N'44eaf230-462a-493b-3d80-3a2297d01534', N'85820', N'920KZQSYKFKHRVT2C39X3PY16307P7L28OF', 31, N'58R7BZZ2N66')
GO

INSERT [dbo].[Identity] ([Employee_Id], [Account], [Password], [SequenceId], [Remark]) VALUES (N'64a59a25-2488-54b0-f6b4-c8af08a50cbf', N'48781', N'4J1NC5627K10D', 32, N'M59951A79SF0U')
GO

INSERT [dbo].[Identity] ([Employee_Id], [Account], [Password], [SequenceId], [Remark]) VALUES (N'2a3cacd6-1a30-6760-3769-9f77bda75690', N'84404', N'AN31Y', 33, N'GP47Y00T217LY27')
GO

INSERT [dbo].[Identity] ([Employee_Id], [Account], [Password], [SequenceId], [Remark]) VALUES (N'64a92470-6127-1432-211e-21c6d80fbd76', N'62008', N'62537MI7W', 34, N'CG101133H6EM')
GO

INSERT [dbo].[Identity] ([Employee_Id], [Account], [Password], [SequenceId], [Remark]) VALUES (N'4abe5367-730a-5742-59cb-b8d37b68af4d', N'94299', N'KJ88AJ71118K921G1AB88MAKR327GX76O30515VS91R', 35, N'J1T642GTLZ')
GO

INSERT [dbo].[Identity] ([Employee_Id], [Account], [Password], [SequenceId], [Remark]) VALUES (N'406501b7-7932-293c-3e95-2c566fa88632', N'47426', N'1064O3HH4J65NY57Z7CL4H1330U1685VJD48971J', 36, N'7312EXUD')
GO

INSERT [dbo].[Identity] ([Employee_Id], [Account], [Password], [SequenceId], [Remark]) VALUES (N'122a77f9-5685-12de-4080-3a2297d01534', N'63555', N'727X865ZWTX4I66W6R4Q9IH', 37, N'C05F5631IF9178NQT')
GO

INSERT [dbo].[Identity] ([Employee_Id], [Account], [Password], [SequenceId], [Remark]) VALUES (N'3a8da253-7acf-2c70-2e26-978952f080e4', N'09892', N'662C79K', 38, N'8VP26W477ZL10QY7UFI')
GO

INSERT [dbo].[Identity] ([Employee_Id], [Account], [Password], [SequenceId], [Remark]) VALUES (N'674934cc-42cf-20cf-1d4a-aea48a10ed18', N'03167', N'42FT8GSPZ34UT677NG8KK9DQSDML1X5', 39, N'557CD0TV5VQMUB5D0N08SF658NJAQ189QY1')
GO

INSERT [dbo].[Identity] ([Employee_Id], [Account], [Password], [SequenceId], [Remark]) VALUES (N'6fe7520c-5758-2461-3a69-9f77bda75690', N'93063', N'621446AH1PC228921LTF4LV', 40, N'988392F9DLC97131EYWZL468P5M0EUW503Z7Q9')
GO

INSERT [dbo].[Identity] ([Employee_Id], [Account], [Password], [SequenceId], [Remark]) VALUES (N'724a3873-137c-6563-3a95-2c566fa88632', N'43815', N'3H2', 41, N'5ZEA78EE86SCY59V3W6KQN0559PGH10HC6S410H3F3K8K1W')
GO

INSERT [dbo].[Identity] ([Employee_Id], [Account], [Password], [SequenceId], [Remark]) VALUES (N'536f0d7b-6fd5-2bb9-52cb-b8d37b68af4d', N'17692', N'W451Q257085N', 42, N'N9E8R9G98T')
GO

INSERT [dbo].[Identity] ([Employee_Id], [Account], [Password], [SequenceId], [Remark]) VALUES (N'1f818a24-3e97-339a-3b69-9f77bda75690', N'70076', N'KW01KB0IPGU09M55W', 43, N'JFSP47PVU')
GO

INSERT [dbo].[Identity] ([Employee_Id], [Account], [Password], [SequenceId], [Remark]) VALUES (N'1ef50b1c-1203-7f02-3a80-3a2297d01534', N'22225', N'PH8KA0', 44, N'397K2S51LJ45')
GO

INSERT [dbo].[Identity] ([Employee_Id], [Account], [Password], [SequenceId], [Remark]) VALUES (N'67408602-4805-48a7-224a-aea48a10ed18', N'99070', N'D9HA3293A240J', 45, NULL)
GO

INSERT [dbo].[Identity] ([Employee_Id], [Account], [Password], [SequenceId], [Remark]) VALUES (N'3679a94f-304b-6e8d-53cb-b8d37b68af4d', N'62888', N'Q1VL', 46, N'349WK7BAK65OPSO74NO2ILVK7BQ59KMQW348H6W18P1TFMJ40C')
GO

INSERT [dbo].[Identity] ([Employee_Id], [Account], [Password], [SequenceId], [Remark]) VALUES (N'34bd2cef-5026-567c-3b71-153b37881afe', N'45043', N'NV7K03UBN26YD65T25Y5HK57FU0Y34', 47, NULL)
GO

INSERT [dbo].[Identity] ([Employee_Id], [Account], [Password], [SequenceId], [Remark]) VALUES (N'534b8747-70b5-36a6-58cb-b8d37b68af4d', N'70580', N'17YNW0V52IE8186131E2HS3W1S8X3HNE8ZYZ', 48, N'R')
GO

INSERT [dbo].[Identity] ([Employee_Id], [Account], [Password], [SequenceId], [Remark]) VALUES (N'3e1a01ba-4a49-2570-2d26-978952f080e4', N'02368', N'9U107GM', 49, N'3640')
GO

INSERT [dbo].[Identity] ([Employee_Id], [Account], [Password], [SequenceId], [Remark]) VALUES (N'4b7e1819-5124-575e-4471-153b37881afe', N'84763', N'551GJ0V3F3573AD99653G5WLZ3T58W9P34', 50, N'563YPJ85008J5ZKS992Q2TT6H8W782LV6PEAW')
GO

INSERT [dbo].[Identity] ([Employee_Id], [Account], [Password], [SequenceId], [Remark]) VALUES (N'6558b3ce-3021-5467-4295-2c566fa88632', N'04715', N'5', 51, N'09CNO9414M3N1241VU506TA8W39U1GTHGPD1BJ1Z7U1H1')
GO

INSERT [dbo].[Identity] ([Employee_Id], [Account], [Password], [SequenceId], [Remark]) VALUES (N'7fc94edc-2827-7327-1f1e-21c6d80fbd76', N'94432', N'A30OLKM537RI1VITOZL0564S6R4O0R37', 52, N'666K0')
GO

INSERT [dbo].[Identity] ([Employee_Id], [Account], [Password], [SequenceId], [Remark]) VALUES (N'43a6bdf5-1b6b-451b-3695-2c566fa88632', N'81002', N'2SJ3Y0L', 53, N'7Y9RFO')
GO

INSERT [dbo].[Identity] ([Employee_Id], [Account], [Password], [SequenceId], [Remark]) VALUES (N'4511c5e9-17d7-743e-2b4a-aea48a10ed18', N'78688', N'O4UVB3IP4PHDL48TPU13Y4M86J0', 54, N'90')
GO

INSERT [dbo].[Identity] ([Employee_Id], [Account], [Password], [SequenceId], [Remark]) VALUES (N'36c45179-1fc2-27b2-3b95-2c566fa88632', N'92048', N'143', 55, N'SKZIZ1')
GO

INSERT [dbo].[Identity] ([Employee_Id], [Account], [Password], [SequenceId], [Remark]) VALUES (N'42784277-1650-434a-251e-21c6d80fbd76', N'24810', N'75TKD54C8OOS191D0H0P53M9', 56, N'M01N40I5UGS56Q229838J50FLWI14O7D9B52LTR3NQ5M1Y8')
GO

INSERT [dbo].[Identity] ([Employee_Id], [Account], [Password], [SequenceId], [Remark]) VALUES (N'180dd722-49a7-2b93-fab4-c8af08a50cbf', N'65056', N'630QHR78', 57, N'0SUFN3L1')
GO

INSERT [dbo].[Identity] ([Employee_Id], [Account], [Password], [SequenceId], [Remark]) VALUES (N'3cf1ead4-291e-575d-3b80-3a2297d01534', N'14130', N'VAERTYKRW042M8501XSV2BHSQ3VJ44301C2DGUJ29N0', 58, NULL)
GO

INSERT [dbo].[Identity] ([Employee_Id], [Account], [Password], [SequenceId], [Remark]) VALUES (N'3c91bd67-6353-1edc-1f4a-aea48a10ed18', N'03644', N'Q4', 59, N'V')
GO

INSERT [dbo].[Identity] ([Employee_Id], [Account], [Password], [SequenceId], [Remark]) VALUES (N'438598e2-2574-4fc8-2626-978952f080e4', N'87981', N'SCV42ND875OJHB', 60, N'66419OCAHM296J8546VYL299S2X186RK2ZFEG43DQ1Y0LF6109')
GO

INSERT [dbo].[Identity] ([Employee_Id], [Account], [Password], [SequenceId], [Remark]) VALUES (N'11db07ea-3a3f-169b-3c80-3a2297d01534', N'75045', N'69A88HR3JG09I42ZUW8L', 61, N'GMP65XY')
GO

INSERT [dbo].[Identity] ([Employee_Id], [Account], [Password], [SequenceId], [Remark]) VALUES (N'4efb4721-715b-2d1c-264a-aea48a10ed18', N'51063', N'2V4JLQV7247V3J6LV8B3X975KCEZJ3', 62, N'277D4S91A0GSIY72')
GO

INSERT [dbo].[Identity] ([Employee_Id], [Account], [Password], [SequenceId], [Remark]) VALUES (N'70edc7b9-702f-70b2-3d71-153b37881afe', N'29407', N'CXJ1QL593H', 63, N'33O4TO3R9WQF12U4XHS1ERFP')
GO

INSERT [dbo].[Identity] ([Employee_Id], [Account], [Password], [SequenceId], [Remark]) VALUES (N'236283fa-1c9f-2733-221e-21c6d80fbd76', N'61954', N'9', 64, N'14SK37TL79X4F7')
GO

INSERT [dbo].[Identity] ([Employee_Id], [Account], [Password], [SequenceId], [Remark]) VALUES (N'2cca9dd5-1228-294d-3e71-153b37881afe', N'17247', N'4J19GE9LBM9LVM7', 65, N'U4K910JEOC91')
GO

INSERT [dbo].[Identity] ([Employee_Id], [Account], [Password], [SequenceId], [Remark]) VALUES (N'3c39055f-64c2-11b9-f7b4-c8af08a50cbf', N'14178', N'74G77N879GDA3KR744YC7736', 66, N'ZM56C6')
GO

INSERT [dbo].[Identity] ([Employee_Id], [Account], [Password], [SequenceId], [Remark]) VALUES (N'2b5f15b9-17d9-57e8-1e4a-aea48a10ed18', N'44786', N'A', 67, NULL)
GO

INSERT [dbo].[Identity] ([Employee_Id], [Account], [Password], [SequenceId], [Remark]) VALUES (N'131cd73b-3657-43f5-201e-21c6d80fbd76', N'22233', N'ORT5K', 68, N'AD6052881Y3I5SU4772YY4116VB945B6FE55U4ZS5J')
GO

INSERT [dbo].[Identity] ([Employee_Id], [Account], [Password], [SequenceId], [Remark]) VALUES (N'2cf45a23-4a27-72fb-3f95-2c566fa88632', N'00390', N'QGA3BGSY', 69, N'XHXQBO4II83DF3L1QHEO2T6BER3')
GO

INSERT [dbo].[Identity] ([Employee_Id], [Account], [Password], [SequenceId], [Remark]) VALUES (N'38d0c8d3-7e6b-7ced-4095-2c566fa88632', N'29689', N'54QV595', 70, NULL)
GO

INSERT [dbo].[Identity] ([Employee_Id], [Account], [Password], [SequenceId], [Remark]) VALUES (N'7e336cda-7f4c-3a8e-3895-2c566fa88632', N'83739', N'647V1QQ19WNVB', 71, N'932')
GO

INSERT [dbo].[Identity] ([Employee_Id], [Account], [Password], [SequenceId], [Remark]) VALUES (N'174b8763-2707-7cb1-3c71-153b37881afe', N'37286', N'W4M9', 72, N'APUDW9GF5G5YE6I')
GO

INSERT [dbo].[Identity] ([Employee_Id], [Account], [Password], [SequenceId], [Remark]) VALUES (N'15b74345-3676-3005-feb4-c8af08a50cbf', N'21940', N'PYRN0C98V18752HY', 73, N'CV429DKTF')
GO

INSERT [dbo].[Identity] ([Employee_Id], [Account], [Password], [SequenceId], [Remark]) VALUES (N'3762edc1-6275-6d66-e769-4afe230d73a5', N'42108', N'A1ECB5F5A2SR5YRZ', 74, N'2')
GO

INSERT [dbo].[Identity] ([Employee_Id], [Account], [Password], [SequenceId], [Remark]) VALUES (N'6d5cc407-7288-2823-55cb-b8d37b68af4d', N'80565', N'E35C9V', 75, N'6O4JE88OHZIWWX9ORELY310CNFPY527R')
GO

INSERT [dbo].[Identity] ([Employee_Id], [Account], [Password], [SequenceId], [Remark]) VALUES (N'13145f26-13f8-7f78-3e80-3a2297d01534', N'99879', N'PX59D', 76, N'ZJDDK84QQNZ390AI5I')
GO

INSERT [dbo].[Identity] ([Employee_Id], [Account], [Password], [SequenceId], [Remark]) VALUES (N'43c28052-24df-5238-2a4a-aea48a10ed18', N'09086', N'2CFTKM', 77, NULL)
GO

INSERT [dbo].[Identity] ([Employee_Id], [Account], [Password], [SequenceId], [Remark]) VALUES (N'6acf37bb-5f8e-320e-3969-9f77bda75690', N'03823', N'B7DEQABTU1U', 78, N'LLAUE')
GO

INSERT [dbo].[Identity] ([Employee_Id], [Account], [Password], [SequenceId], [Remark]) VALUES (N'59d2ec76-7794-6092-284a-aea48a10ed18', N'58655', N'5L396430E6QK3Z9IN6WMH6605', 79, NULL)
GO

INSERT [dbo].[Identity] ([Employee_Id], [Account], [Password], [SequenceId], [Remark]) VALUES (N'25d65c3f-4a6c-3a01-3c95-2c566fa88632', N'01834', N'VTV44G6N6Q6LP1N0O38M830', 80, N'L7J44PM08L')
GO

INSERT [dbo].[Identity] ([Employee_Id], [Account], [Password], [SequenceId], [Remark]) VALUES (N'69b684a9-3962-48e7-56cb-b8d37b68af4d', N'32286', N'W7W2UG2FIXP60L9CQ8F8', 81, NULL)
GO

INSERT [dbo].[Identity] ([Employee_Id], [Account], [Password], [SequenceId], [Remark]) VALUES (N'794ca02a-1314-6ec3-df69-4afe230d73a5', N'66909', N'1J04', 82, N'95L38SJG')
GO

INSERT [dbo].[Identity] ([Employee_Id], [Account], [Password], [SequenceId], [Remark]) VALUES (N'48d04691-671b-2f98-de69-4afe230d73a5', N'33765', N'772SM3056', 83, N'1XX5')
GO

INSERT [dbo].[Identity] ([Employee_Id], [Account], [Password], [SequenceId], [Remark]) VALUES (N'188263d8-1426-370e-3869-9f77bda75690', N'76541', N'1B982TEVCKDC8', 84, N'1S9U760QS697DJDV973LDL06D3WM8W4601M1LN8311XJ8')
GO

INSERT [dbo].[Identity] ([Employee_Id], [Account], [Password], [SequenceId], [Remark]) VALUES (N'16fc94ab-327e-4d3a-3995-2c566fa88632', N'09574', N'PG51', 85, NULL)
GO

INSERT [dbo].[Identity] ([Employee_Id], [Account], [Password], [SequenceId], [Remark]) VALUES (N'492c33d2-2e7e-39f3-2926-978952f080e4', N'68578', N'30S', 86, N'MW556OIT8W1URP')
GO

INSERT [dbo].[Identity] ([Employee_Id], [Account], [Password], [SequenceId], [Remark]) VALUES (N'1aa330a8-4e48-7daf-214a-aea48a10ed18', N'55474', N'WCC8V88B8MH2CJR', 87, N'47JQ3G9HUY8OAP646Q05FS1G8PN')
GO

INSERT [dbo].[Identity] ([Employee_Id], [Account], [Password], [SequenceId], [Remark]) VALUES (N'1cd29b36-735e-4507-4395-2c566fa88632', N'82635', N'43KK1B9', 88, N'NL5V43227Q3178171K6Q')
GO

INSERT [dbo].[Identity] ([Employee_Id], [Account], [Password], [SequenceId], [Remark]) VALUES (N'7f2f326b-4385-3beb-244a-aea48a10ed18', N'86309', N'820S', 89, N'583CRZ7XEJL4IWIOXL95A3RT006')
GO

INSERT [dbo].[Identity] ([Employee_Id], [Account], [Password], [SequenceId], [Remark]) VALUES (N'63605f9a-664d-1c51-fcb4-c8af08a50cbf', N'79535', N'VO63L0KDMS38', 90, N'2W3BELC78')
GO

INSERT [dbo].[Identity] ([Employee_Id], [Account], [Password], [SequenceId], [Remark]) VALUES (N'16901daa-2657-688d-274a-aea48a10ed18', N'71462', N'769P', 91, N'7A2U5STGCR8T9ZPTLU5X3866V7611JG1586D1093H5PG1M86V0')
GO

INSERT [dbo].[Identity] ([Employee_Id], [Account], [Password], [SequenceId], [Remark]) VALUES (N'2997b570-182c-1e2e-2c26-978952f080e4', N'16402', N'8RO45', 92, N'AF9')
GO

INSERT [dbo].[Identity] ([Employee_Id], [Account], [Password], [SequenceId], [Remark]) VALUES (N'128c9c31-1636-6547-e269-4afe230d73a5', N'12509', N'AL2SK174775X1', 93, N'X5TO9H538')
GO

INSERT [dbo].[Identity] ([Employee_Id], [Account], [Password], [SequenceId], [Remark]) VALUES (N'285bb738-292a-40ac-e469-4afe230d73a5', N'49104', N'S', 94, N'3U78Y229NN0PKU857N38J6SBB5GT512TYGQH65')
GO

INSERT [dbo].[Identity] ([Employee_Id], [Account], [Password], [SequenceId], [Remark]) VALUES (N'176a9101-657e-3593-231e-21c6d80fbd76', N'89936', N'GEL2G', 95, N'Q7M1YD3725202F')
GO

INSERT [dbo].[Identity] ([Employee_Id], [Account], [Password], [SequenceId], [Remark]) VALUES (N'59c8e347-352c-11cc-4195-2c566fa88632', N'87405', N'6U2O886U7507', 96, N'P6')
GO

INSERT [dbo].[Identity] ([Employee_Id], [Account], [Password], [SequenceId], [Remark]) VALUES (N'4cad8606-32c9-3513-fbb4-c8af08a50cbf', N'15229', N'0BJ', 97, N'4Z83J8K54G1YL19W9IOFSBX97D')
GO

INSERT [dbo].[Identity] ([Employee_Id], [Account], [Password], [SequenceId], [Remark]) VALUES (N'5330491b-2e0d-76e5-294a-aea48a10ed18', N'76795', N'2', 98, N'22753A1ISWFF50')
GO

INSERT [dbo].[Identity] ([Employee_Id], [Account], [Password], [SequenceId], [Remark]) VALUES (N'77f9db4f-5327-23f3-2b26-978952f080e4', N'13520', N'0B98O5', 99, N'0')
GO

INSERT [dbo].[Identity] ([Employee_Id], [Account], [Password], [SequenceId], [Remark]) VALUES (N'2510011f-7734-4a66-3c69-9f77bda75690', N'14620', N'3738SMMB1TIE33UQG9456S662GT6S1', 100, N'8M8A')
GO

SET IDENTITY_INSERT [dbo].[Identity] OFF
GO

SET IDENTITY_INSERT [dbo].[Order] ON
GO

INSERT [dbo].[Order] ([Id], [Employee_Id], [OrderTime], [Remark], [SequenceId]) VALUES (N'409dcd1a-426a-23f7-3a35-0028ed526dd0', N'43a6bdf5-1b6b-451b-3695-2c566fa88632', CAST(N'1979-04-13T08:32:23.650' AS DateTime), N'19D2VYC568N45PIGRU7XB39F0RPBC50SN', 12)
GO

INSERT [dbo].[Order] ([Id], [Employee_Id], [OrderTime], [Remark], [SequenceId]) VALUES (N'4db9a514-6d87-2ec1-3b35-0028ed526dd0', N'271a41be-5739-6088-3795-2c566fa88632', CAST(N'1985-07-16T03:24:39.320' AS DateTime), N'OWFM8DKS8O7HW9CN3F4F8W7TP55V982ALJ787', 32)
GO

INSERT [dbo].[Order] ([Id], [Employee_Id], [OrderTime], [Remark], [SequenceId]) VALUES (N'62563348-7bd5-6519-3c35-0028ed526dd0', N'3e1a01ba-4a49-2570-2d26-978952f080e4', CAST(N'1970-07-23T18:16:15.630' AS DateTime), N'4DU1D', 37)
GO

INSERT [dbo].[Order] ([Id], [Employee_Id], [OrderTime], [Remark], [SequenceId]) VALUES (N'2afb2146-430d-394b-3d35-0028ed526dd0', N'15b74345-3676-3005-feb4-c8af08a50cbf', CAST(N'2012-12-05T22:31:24.740' AS DateTime), N'63A', 48)
GO

INSERT [dbo].[Order] ([Id], [Employee_Id], [OrderTime], [Remark], [SequenceId]) VALUES (N'5c85f9f2-1de1-4f0a-3e35-0028ed526dd0', N'16901daa-2657-688d-274a-aea48a10ed18', CAST(N'1984-07-19T13:36:30.070' AS DateTime), N'2NTHF', 60)
GO

INSERT [dbo].[Order] ([Id], [Employee_Id], [OrderTime], [Remark], [SequenceId]) VALUES (N'4cc606bb-3068-7d32-3f35-0028ed526dd0', N'285bb738-292a-40ac-e469-4afe230d73a5', CAST(N'2012-02-22T10:50:12.580' AS DateTime), N'XJQ7G67ARE71F0GV25TH7X2204', 63)
GO

INSERT [dbo].[Order] ([Id], [Employee_Id], [OrderTime], [Remark], [SequenceId]) VALUES (N'212a5f62-4eb8-203c-4035-0028ed526dd0', N'7e336cda-7f4c-3a8e-3895-2c566fa88632', CAST(N'1994-06-15T07:39:26.870' AS DateTime), N'48LS7YG94W1O8Z88XJWPZZ80Z91TLWB965E2I9IK62ZLIDKMH6', 78)
GO

INSERT [dbo].[Order] ([Id], [Employee_Id], [OrderTime], [Remark], [SequenceId]) VALUES (N'4f65f6c1-4525-16e5-4135-0028ed526dd0', NULL, NULL, NULL, 93)
GO

INSERT [dbo].[Order] ([Id], [Employee_Id], [OrderTime], [Remark], [SequenceId]) VALUES (N'4c9ebdde-5f9a-58dd-4235-0028ed526dd0', N'38d0c8d3-7e6b-7ced-4095-2c566fa88632', CAST(N'2007-12-22T19:14:27.130' AS DateTime), N'5D84X', 97)
GO

INSERT [dbo].[Order] ([Id], [Employee_Id], [OrderTime], [Remark], [SequenceId]) VALUES (N'36ac2df8-2b1e-368f-cc1d-086412a8ea97', N'79c13594-4781-1b7c-204a-aea48a10ed18', CAST(N'1982-06-10T16:56:52.020' AS DateTime), N'42SJG15W8I1ZC4DTB', 10)
GO

INSERT [dbo].[Order] ([Id], [Employee_Id], [OrderTime], [Remark], [SequenceId]) VALUES (N'62af2231-78a7-7caa-cd1d-086412a8ea97', N'2510011f-7734-4a66-3c69-9f77bda75690', CAST(N'2000-08-05T23:20:47.960' AS DateTime), N'8675SL80482D6O0Z2TDNV487924NJ917VZ2I910YCD', 15)
GO

INSERT [dbo].[Order] ([Id], [Employee_Id], [OrderTime], [Remark], [SequenceId]) VALUES (N'524751f2-1577-523d-ce1d-086412a8ea97', N'536f0d7b-6fd5-2bb9-52cb-b8d37b68af4d', CAST(N'1991-05-19T23:07:12.900' AS DateTime), N'W', 20)
GO

INSERT [dbo].[Order] ([Id], [Employee_Id], [OrderTime], [Remark], [SequenceId]) VALUES (N'5c7f0ec4-77f2-3794-cf1d-086412a8ea97', N'4b7e1819-5124-575e-4471-153b37881afe', CAST(N'2001-04-22T07:53:14.460' AS DateTime), N'7198', 24)
GO

INSERT [dbo].[Order] ([Id], [Employee_Id], [OrderTime], [Remark], [SequenceId]) VALUES (N'7ad34860-1ac8-7ad7-d01d-086412a8ea97', N'4efb4721-715b-2d1c-264a-aea48a10ed18', CAST(N'1988-04-20T23:33:49.000' AS DateTime), N'8', 30)
GO

INSERT [dbo].[Order] ([Id], [Employee_Id], [OrderTime], [Remark], [SequenceId]) VALUES (N'12693b29-274c-35ce-d11d-086412a8ea97', N'2b5f15b9-17d9-57e8-1e4a-aea48a10ed18', CAST(N'2010-09-12T08:48:25.810' AS DateTime), N'H1S9EMJ57AGQ1204DCC05CUQRU6O1Q0I52LLY50', 40)
GO

INSERT [dbo].[Order] ([Id], [Employee_Id], [OrderTime], [Remark], [SequenceId]) VALUES (N'45bd4aa1-3832-3db8-d21d-086412a8ea97', N'70edc7b9-702f-70b2-3d71-153b37881afe', CAST(N'1972-02-24T19:43:33.570' AS DateTime), N'ZHBBO6Z4EK3197A2R4T9141IR1824Y8XUEQG80L3FJ3ST35442', 54)
GO

INSERT [dbo].[Order] ([Id], [Employee_Id], [OrderTime], [Remark], [SequenceId]) VALUES (N'5697b103-5179-7ac3-d31d-086412a8ea97', N'4511c5e9-17d7-743e-2b4a-aea48a10ed18', CAST(N'2012-03-19T09:13:34.990' AS DateTime), N'D54SV0WE1JKGX381XK22U3M4', 67)
GO

INSERT [dbo].[Order] ([Id], [Employee_Id], [OrderTime], [Remark], [SequenceId]) VALUES (N'360bd1e4-7bbf-3971-d41d-086412a8ea97', N'3052c754-3516-667a-3980-3a2297d01534', CAST(N'1995-06-23T10:02:48.360' AS DateTime), N'6UVVE587EAWW0', 73)
GO

INSERT [dbo].[Order] ([Id], [Employee_Id], [OrderTime], [Remark], [SequenceId]) VALUES (N'65ecf5c2-5298-156e-d51d-086412a8ea97', N'5fc77644-30f7-78aa-3d69-9f77bda75690', CAST(N'2007-03-11T03:32:12.360' AS DateTime), N'5GC84B5Q9NPODI', 86)
GO

INSERT [dbo].[Order] ([Id], [Employee_Id], [OrderTime], [Remark], [SequenceId]) VALUES (N'3d18d4c2-2f39-3dce-d61d-086412a8ea97', N'2af78bcb-2bab-51c2-57cb-b8d37b68af4d', CAST(N'2014-01-06T02:41:57.730' AS DateTime), N'58UQ', 89)
GO

INSERT [dbo].[Order] ([Id], [Employee_Id], [OrderTime], [Remark], [SequenceId]) VALUES (N'2356a2d8-7751-6f97-66f6-423b4e874d0f', N'15b74345-3676-3005-feb4-c8af08a50cbf', CAST(N'2016-09-20T13:39:00.370' AS DateTime), N'VV28Q9T19B375C', 27)
GO

INSERT [dbo].[Order] ([Id], [Employee_Id], [OrderTime], [Remark], [SequenceId]) VALUES (N'7b666cc3-1b67-6037-67f6-423b4e874d0f', N'1eb42cb0-2796-7c6b-4071-153b37881afe', CAST(N'1979-08-11T09:38:01.070' AS DateTime), N'BE', 39)
GO

INSERT [dbo].[Order] ([Id], [Employee_Id], [OrderTime], [Remark], [SequenceId]) VALUES (N'481183cb-5a6c-795b-68f6-423b4e874d0f', NULL, NULL, NULL, 45)
GO

INSERT [dbo].[Order] ([Id], [Employee_Id], [OrderTime], [Remark], [SequenceId]) VALUES (N'337faf61-662b-461a-69f6-423b4e874d0f', N'7f2f326b-4385-3beb-244a-aea48a10ed18', CAST(N'2011-01-24T09:31:41.100' AS DateTime), N'53JLVMIO7858K419I2FQDW4R3324KK0K0ADR', 52)
GO

INSERT [dbo].[Order] ([Id], [Employee_Id], [OrderTime], [Remark], [SequenceId]) VALUES (N'21ae5078-5e68-3790-6af6-423b4e874d0f', N'3762edc1-6275-6d66-e769-4afe230d73a5', CAST(N'1993-04-08T08:21:15.080' AS DateTime), N'HA', 62)
GO

INSERT [dbo].[Order] ([Id], [Employee_Id], [OrderTime], [Remark], [SequenceId]) VALUES (N'3a425a4d-6066-116b-6bf6-423b4e874d0f', N'43c28052-24df-5238-2a4a-aea48a10ed18', CAST(N'2006-09-16T15:08:16.490' AS DateTime), N'8LY7F14PSIX89WD6M', 70)
GO

INSERT [dbo].[Order] ([Id], [Employee_Id], [OrderTime], [Remark], [SequenceId]) VALUES (N'3abffc51-2a43-18c6-6cf6-423b4e874d0f', N'63605f9a-664d-1c51-fcb4-c8af08a50cbf', CAST(N'1972-03-28T11:31:46.290' AS DateTime), N'173603PM51X', 76)
GO

INSERT [dbo].[Order] ([Id], [Employee_Id], [OrderTime], [Remark], [SequenceId]) VALUES (N'19256041-7623-2834-6df6-423b4e874d0f', N'7a7d008f-16e6-64f9-234a-aea48a10ed18', CAST(N'2007-02-28T06:14:09.190' AS DateTime), N'UD0206L94LTO71LBUZ66FMZZNH54N', 88)
GO

INSERT [dbo].[Order] ([Id], [Employee_Id], [OrderTime], [Remark], [SequenceId]) VALUES (N'3304dddb-1b72-607f-25c2-579daad24557', N'63605f9a-664d-1c51-fcb4-c8af08a50cbf', CAST(N'2010-04-12T09:03:05.220' AS DateTime), N'JK1E7UKX', 1)
GO

INSERT [dbo].[Order] ([Id], [Employee_Id], [OrderTime], [Remark], [SequenceId]) VALUES (N'677132b4-2a33-68d1-26c2-579daad24557', N'36c45179-1fc2-27b2-3b95-2c566fa88632', CAST(N'1973-08-05T09:15:32.080' AS DateTime), N'3Q683084', 5)
GO

INSERT [dbo].[Order] ([Id], [Employee_Id], [OrderTime], [Remark], [SequenceId]) VALUES (N'1e5e96fa-5d7a-599d-27c2-579daad24557', N'2a3cacd6-1a30-6760-3769-9f77bda75690', CAST(N'2016-10-15T12:00:58.320' AS DateTime), N'K9W61M31M43A80W2K7', 9)
GO

INSERT [dbo].[Order] ([Id], [Employee_Id], [OrderTime], [Remark], [SequenceId]) VALUES (N'11a8748f-3464-740c-28c2-579daad24557', N'4abe5367-730a-5742-59cb-b8d37b68af4d', CAST(N'1979-12-13T03:56:48.020' AS DateTime), N'43C9MR1R3N379', 18)
GO

INSERT [dbo].[Order] ([Id], [Employee_Id], [OrderTime], [Remark], [SequenceId]) VALUES (N'5254e49d-4368-3162-29c2-579daad24557', N'174b8763-2707-7cb1-3c71-153b37881afe', CAST(N'2002-12-01T21:37:32.530' AS DateTime), N'45R', 28)
GO

INSERT [dbo].[Order] ([Id], [Employee_Id], [OrderTime], [Remark], [SequenceId]) VALUES (N'42b9446a-790b-3892-2ac2-579daad24557', N'43c28052-24df-5238-2a4a-aea48a10ed18', CAST(N'1974-08-01T19:20:59.180' AS DateTime), N'8586GR09FZD7X2H8', 33)
GO

INSERT [dbo].[Order] ([Id], [Employee_Id], [OrderTime], [Remark], [SequenceId]) VALUES (N'5f03d745-7702-1c85-2bc2-579daad24557', N'64a92470-6127-1432-211e-21c6d80fbd76', CAST(N'1982-07-24T04:59:30.080' AS DateTime), N'HE5UO7W9', 47)
GO

INSERT [dbo].[Order] ([Id], [Employee_Id], [OrderTime], [Remark], [SequenceId]) VALUES (N'3738ce93-1661-5628-2cc2-579daad24557', N'38d0c8d3-7e6b-7ced-4095-2c566fa88632', CAST(N'1999-07-22T17:11:34.650' AS DateTime), N'M7048SV5VCTJ9AQ87GL7MY5903JP7F205YMX09', 50)
GO

INSERT [dbo].[Order] ([Id], [Employee_Id], [OrderTime], [Remark], [SequenceId]) VALUES (N'7c1ae6ac-6c72-7436-2dc2-579daad24557', N'59c8e347-352c-11cc-4195-2c566fa88632', CAST(N'1994-12-02T18:02:02.050' AS DateTime), N'84D58', 55)
GO

INSERT [dbo].[Order] ([Id], [Employee_Id], [OrderTime], [Remark], [SequenceId]) VALUES (N'18d2ec1b-61c5-1896-2ec2-579daad24557', N'6558b3ce-3021-5467-4295-2c566fa88632', CAST(N'1988-11-14T10:29:12.720' AS DateTime), N'66PNR640CC07637205CXP3DBKWT55', 65)
GO

INSERT [dbo].[Order] ([Id], [Employee_Id], [OrderTime], [Remark], [SequenceId]) VALUES (N'322105dd-142f-392d-2fc2-579daad24557', N'3762edc1-6275-6d66-e769-4afe230d73a5', CAST(N'2014-01-12T09:34:07.030' AS DateTime), N'OZ8IRB8H4KG856T2Z3', 74)
GO

INSERT [dbo].[Order] ([Id], [Employee_Id], [OrderTime], [Remark], [SequenceId]) VALUES (N'14aa1334-3d35-32c4-30c2-579daad24557', NULL, NULL, NULL, 80)
GO

INSERT [dbo].[Order] ([Id], [Employee_Id], [OrderTime], [Remark], [SequenceId]) VALUES (N'7f1b6c7c-2b74-3ebb-31c2-579daad24557', N'6d5cc407-7288-2823-55cb-b8d37b68af4d', CAST(N'1991-11-05T06:50:13.320' AS DateTime), N'4', 85)
GO

INSERT [dbo].[Order] ([Id], [Employee_Id], [OrderTime], [Remark], [SequenceId]) VALUES (N'17872e95-3d24-6d1a-32c2-579daad24557', N'67408602-4805-48a7-224a-aea48a10ed18', CAST(N'2009-08-09T09:42:09.360' AS DateTime), N'4M38K8MSGU3EJJ9L', 91)
GO

INSERT [dbo].[Order] ([Id], [Employee_Id], [OrderTime], [Remark], [SequenceId]) VALUES (N'42db9027-5e76-257b-33c2-579daad24557', N'4511c5e9-17d7-743e-2b4a-aea48a10ed18', CAST(N'1997-07-30T13:54:06.990' AS DateTime), N'O840SQ4M8J', 94)
GO

INSERT [dbo].[Order] ([Id], [Employee_Id], [OrderTime], [Remark], [SequenceId]) VALUES (N'38dc720e-654a-29d5-34c2-579daad24557', N'3cf1ead4-291e-575d-3b80-3a2297d01534', CAST(N'1970-06-12T04:44:08.080' AS DateTime), N'G1ZT497TLJK9FPGHTL1P43689', 98)
GO

INSERT [dbo].[Order] ([Id], [Employee_Id], [OrderTime], [Remark], [SequenceId]) VALUES (N'7bd9cf39-3f55-3a7b-0035-60b3ebf808a9', N'48d04691-671b-2f98-de69-4afe230d73a5', CAST(N'1978-07-09T02:21:00.090' AS DateTime), N'XBB720206WQ', 11)
GO

INSERT [dbo].[Order] ([Id], [Employee_Id], [OrderTime], [Remark], [SequenceId]) VALUES (N'407db4d1-222b-287d-0135-60b3ebf808a9', N'1aa330a8-4e48-7daf-214a-aea48a10ed18', CAST(N'1974-09-29T18:07:56.220' AS DateTime), N'VLFM1I6DU78N9', 21)
GO

INSERT [dbo].[Order] ([Id], [Employee_Id], [OrderTime], [Remark], [SequenceId]) VALUES (N'73dc79e1-1ccb-35a6-0235-60b3ebf808a9', NULL, NULL, NULL, 26)
GO

INSERT [dbo].[Order] ([Id], [Employee_Id], [OrderTime], [Remark], [SequenceId]) VALUES (N'3fed64ec-2f94-798f-0335-60b3ebf808a9', N'492c33d2-2e7e-39f3-2926-978952f080e4', CAST(N'1974-06-24T11:04:06.020' AS DateTime), N'4F82', 46)
GO

INSERT [dbo].[Order] ([Id], [Employee_Id], [OrderTime], [Remark], [SequenceId]) VALUES (N'721b7460-7378-2203-0435-60b3ebf808a9', N'44eaf230-462a-493b-3d80-3a2297d01534', CAST(N'2013-05-23T12:14:40.130' AS DateTime), N'OK32H8X3F3KA9ZK6K7L44A', 77)
GO

INSERT [dbo].[Order] ([Id], [Employee_Id], [OrderTime], [Remark], [SequenceId]) VALUES (N'324ac33a-77c5-13a5-0535-60b3ebf808a9', N'15b74345-3676-3005-feb4-c8af08a50cbf', CAST(N'2016-03-08T14:04:15.880' AS DateTime), N'NT771H64Z3J924', 99)
GO

INSERT [dbo].[Order] ([Id], [Employee_Id], [OrderTime], [Remark], [SequenceId]) VALUES (N'6c80a684-1cb5-41af-ff34-60b3ebf808a9', N'5330491b-2e0d-76e5-294a-aea48a10ed18', CAST(N'1978-07-14T20:36:50.940' AS DateTime), N'DT3589R8A', 4)
GO

INSERT [dbo].[Order] ([Id], [Employee_Id], [OrderTime], [Remark], [SequenceId]) VALUES (N'28cd1599-63bf-785f-4f80-7ed9d1ea06ea', N'2cf45a23-4a27-72fb-3f95-2c566fa88632', CAST(N'1973-08-21T22:57:40.360' AS DateTime), N'6YQV498J6', 7)
GO

INSERT [dbo].[Order] ([Id], [Employee_Id], [OrderTime], [Remark], [SequenceId]) VALUES (N'56dce332-76f0-6b9b-5080-7ed9d1ea06ea', N'131cd73b-3657-43f5-201e-21c6d80fbd76', CAST(N'1987-01-06T02:31:35.820' AS DateTime), N'7QQ7S00U2V4I3HJ10Z0PZ', 17)
GO

INSERT [dbo].[Order] ([Id], [Employee_Id], [OrderTime], [Remark], [SequenceId]) VALUES (N'5a841b92-791c-78df-5180-7ed9d1ea06ea', N'5fc77644-30f7-78aa-3d69-9f77bda75690', CAST(N'1994-08-31T16:22:23.740' AS DateTime), N'KN5', 35)
GO

INSERT [dbo].[Order] ([Id], [Employee_Id], [OrderTime], [Remark], [SequenceId]) VALUES (N'2f43fc9d-1f7a-25fc-5280-7ed9d1ea06ea', N'59d2ec76-7794-6092-284a-aea48a10ed18', CAST(N'1999-12-27T03:36:06.130' AS DateTime), N'QSC5PH38I0KUC2', 43)
GO

INSERT [dbo].[Order] ([Id], [Employee_Id], [OrderTime], [Remark], [SequenceId]) VALUES (N'1e5ce342-2eec-79a4-5380-7ed9d1ea06ea', N'180dd722-49a7-2b93-fab4-c8af08a50cbf', CAST(N'2012-04-25T08:48:41.120' AS DateTime), N'M', 57)
GO

INSERT [dbo].[Order] ([Id], [Employee_Id], [OrderTime], [Remark], [SequenceId]) VALUES (N'3fc4ed08-1219-1c6d-5480-7ed9d1ea06ea', N'438598e2-2574-4fc8-2626-978952f080e4', CAST(N'1984-02-04T08:20:27.610' AS DateTime), N'OZ302RYN1WTQ41BPE0537534S71R671IP8M04C06RKSKNFR2OH', 61)
GO

INSERT [dbo].[Order] ([Id], [Employee_Id], [OrderTime], [Remark], [SequenceId]) VALUES (N'527e293c-2185-6d0a-5580-7ed9d1ea06ea', N'1ef50b1c-1203-7f02-3a80-3a2297d01534', CAST(N'2017-09-29T10:39:23.960' AS DateTime), N'5', 69)
GO

INSERT [dbo].[Order] ([Id], [Employee_Id], [OrderTime], [Remark], [SequenceId]) VALUES (N'6b76d607-7d60-38a2-5680-7ed9d1ea06ea', N'7e336cda-7f4c-3a8e-3895-2c566fa88632', CAST(N'2006-09-07T18:02:54.910' AS DateTime), N'41Y', 84)
GO

INSERT [dbo].[Order] ([Id], [Employee_Id], [OrderTime], [Remark], [SequenceId]) VALUES (N'2107e2a5-49f8-237b-5780-7ed9d1ea06ea', NULL, NULL, NULL, 96)
GO

INSERT [dbo].[Order] ([Id], [Employee_Id], [OrderTime], [Remark], [SequenceId]) VALUES (N'6c5b9fe7-14c9-3bb5-b4d2-89b22d10517e', N'59c8e347-352c-11cc-4195-2c566fa88632', CAST(N'1977-07-31T06:20:05.870' AS DateTime), N'UKX6XZ844H5357Z6', 14)
GO

INSERT [dbo].[Order] ([Id], [Employee_Id], [OrderTime], [Remark], [SequenceId]) VALUES (N'6a763a51-4322-5c5a-b5d2-89b22d10517e', N'43c28052-24df-5238-2a4a-aea48a10ed18', CAST(N'2014-12-14T17:38:17.940' AS DateTime), N'XS5YG8IO8X3UCNSYJI7JTB7S3S25B4C8B2C10', 19)
GO

INSERT [dbo].[Order] ([Id], [Employee_Id], [OrderTime], [Remark], [SequenceId]) VALUES (N'4989ff24-23e7-7b82-b6d2-89b22d10517e', N'2cca9dd5-1228-294d-3e71-153b37881afe', CAST(N'2007-12-16T16:24:36.050' AS DateTime), N'8EM150C94I0NLD', 23)
GO

INSERT [dbo].[Order] ([Id], [Employee_Id], [OrderTime], [Remark], [SequenceId]) VALUES (N'1f85f165-3ed3-370a-b7d2-89b22d10517e', N'2af78bcb-2bab-51c2-57cb-b8d37b68af4d', CAST(N'1988-08-06T14:59:39.890' AS DateTime), N'WB6SNZ', 29)
GO

INSERT [dbo].[Order] ([Id], [Employee_Id], [OrderTime], [Remark], [SequenceId]) VALUES (N'56aaf263-3355-23ea-b8d2-89b22d10517e', N'3762edc1-6275-6d66-e769-4afe230d73a5', CAST(N'1974-09-03T22:25:06.330' AS DateTime), N'B', 38)
GO

INSERT [dbo].[Order] ([Id], [Employee_Id], [OrderTime], [Remark], [SequenceId]) VALUES (N'18baaac1-2b18-2317-b9d2-89b22d10517e', N'4511c5e9-17d7-743e-2b4a-aea48a10ed18', CAST(N'1978-08-19T11:40:35.780' AS DateTime), N'85QKKW25K', 44)
GO

INSERT [dbo].[Order] ([Id], [Employee_Id], [OrderTime], [Remark], [SequenceId]) VALUES (N'18bbd5d8-6c2d-154c-bad2-89b22d10517e', N'3ef40874-7653-5c65-2726-978952f080e4', CAST(N'1983-03-23T18:35:41.070' AS DateTime), N'567', 58)
GO

INSERT [dbo].[Order] ([Id], [Employee_Id], [OrderTime], [Remark], [SequenceId]) VALUES (N'2efc0ff3-37c0-286f-bbd2-89b22d10517e', N'2510011f-7734-4a66-3c69-9f77bda75690', CAST(N'1999-12-17T05:25:12.370' AS DateTime), N'9Y70UM', 68)
GO

INSERT [dbo].[Order] ([Id], [Employee_Id], [OrderTime], [Remark], [SequenceId]) VALUES (N'350cf027-3245-532d-bcd2-89b22d10517e', N'2997b570-182c-1e2e-2c26-978952f080e4', CAST(N'2001-10-27T01:13:33.770' AS DateTime), N'VOXSG19R5NH9QWFCXZ3D851WC64GLL8DC3UGQ75Y', 83)
GO

INSERT [dbo].[Order] ([Id], [Employee_Id], [OrderTime], [Remark], [SequenceId]) VALUES (N'6f1014db-2ff0-613b-bdd2-89b22d10517e', N'3cf1ead4-291e-575d-3b80-3a2297d01534', CAST(N'2003-09-20T11:58:28.790' AS DateTime), N'KZN14TI6', 87)
GO

INSERT [dbo].[Order] ([Id], [Employee_Id], [OrderTime], [Remark], [SequenceId]) VALUES (N'57cdf8c4-47e3-5560-7e41-c1ec321fe728', NULL, NULL, NULL, 2)
GO

INSERT [dbo].[Order] ([Id], [Employee_Id], [OrderTime], [Remark], [SequenceId]) VALUES (N'3e51a46c-4153-229c-7f41-c1ec321fe728', N'2bd742e7-2f5a-3eae-241e-21c6d80fbd76', CAST(N'1972-06-20T16:02:14.070' AS DateTime), N'5', 34)
GO

INSERT [dbo].[Order] ([Id], [Employee_Id], [OrderTime], [Remark], [SequenceId]) VALUES (N'6485b64f-7835-65a4-8041-c1ec321fe728', N'59c8e347-352c-11cc-4195-2c566fa88632', CAST(N'1978-02-02T20:56:03.300' AS DateTime), N'2X7', 42)
GO

INSERT [dbo].[Order] ([Id], [Employee_Id], [OrderTime], [Remark], [SequenceId]) VALUES (N'1fecd07f-2488-638c-8141-c1ec321fe728', N'59c8e347-352c-11cc-4195-2c566fa88632', CAST(N'2011-06-05T13:05:28.710' AS DateTime), N'6G3H5XP9166A2', 51)
GO

INSERT [dbo].[Order] ([Id], [Employee_Id], [OrderTime], [Remark], [SequenceId]) VALUES (N'53f68d51-267f-2d1e-8241-c1ec321fe728', N'128c9c31-1636-6547-e269-4afe230d73a5', CAST(N'2016-04-17T21:15:57.900' AS DateTime), N'2PD0B9EH0', 56)
GO

INSERT [dbo].[Order] ([Id], [Employee_Id], [OrderTime], [Remark], [SequenceId]) VALUES (N'707e1336-6584-55de-8341-c1ec321fe728', N'7a7d008f-16e6-64f9-234a-aea48a10ed18', CAST(N'1992-01-16T13:06:09.840' AS DateTime), N'R', 64)
GO

INSERT [dbo].[Order] ([Id], [Employee_Id], [OrderTime], [Remark], [SequenceId]) VALUES (N'27e60da2-385e-6804-8441-c1ec321fe728', N'2a4dcb61-3cde-2171-2a26-978952f080e4', CAST(N'2008-12-21T08:31:32.670' AS DateTime), N'1F7T5AG85Y58K', 72)
GO

INSERT [dbo].[Order] ([Id], [Employee_Id], [OrderTime], [Remark], [SequenceId]) VALUES (N'6dcdb6b6-273a-6aaa-8541-c1ec321fe728', N'64a92470-6127-1432-211e-21c6d80fbd76', CAST(N'1981-07-27T20:30:27.220' AS DateTime), N'1', 79)
GO

INSERT [dbo].[Order] ([Id], [Employee_Id], [OrderTime], [Remark], [SequenceId]) VALUES (N'78b1d514-338c-3cdc-8641-c1ec321fe728', NULL, NULL, NULL, 100)
GO

INSERT [dbo].[Order] ([Id], [Employee_Id], [OrderTime], [Remark], [SequenceId]) VALUES (N'506acf1e-5331-67a9-0d77-d9ebc53aac3d', N'3ef40874-7653-5c65-2726-978952f080e4', CAST(N'1993-08-16T03:32:31.540' AS DateTime), N'I020499C3L1XC', 3)
GO

INSERT [dbo].[Order] ([Id], [Employee_Id], [OrderTime], [Remark], [SequenceId]) VALUES (N'197fda97-5a35-781d-0e77-d9ebc53aac3d', NULL, NULL, NULL, 6)
GO

INSERT [dbo].[Order] ([Id], [Employee_Id], [OrderTime], [Remark], [SequenceId]) VALUES (N'6b550b8f-7ff9-51bc-0f77-d9ebc53aac3d', NULL, NULL, NULL, 13)
GO

INSERT [dbo].[Order] ([Id], [Employee_Id], [OrderTime], [Remark], [SequenceId]) VALUES (N'12e1b096-3542-127a-1077-d9ebc53aac3d', N'674934cc-42cf-20cf-1d4a-aea48a10ed18', CAST(N'2017-12-05T12:26:48.700' AS DateTime), N'9C4', 22)
GO

INSERT [dbo].[Order] ([Id], [Employee_Id], [OrderTime], [Remark], [SequenceId]) VALUES (N'6f51ea57-13b2-139f-1177-d9ebc53aac3d', N'3c91bd67-6353-1edc-1f4a-aea48a10ed18', CAST(N'1974-06-27T05:55:35.660' AS DateTime), N'22F6553HV5ZR5NCU72KE690336ZID8IUDDO9G759W5ITJC0JT', 31)
GO

INSERT [dbo].[Order] ([Id], [Employee_Id], [OrderTime], [Remark], [SequenceId]) VALUES (N'3e7dd0ec-7ee5-392a-1277-d9ebc53aac3d', N'794ca02a-1314-6ec3-df69-4afe230d73a5', CAST(N'1978-08-19T17:40:41.370' AS DateTime), N'L3', 41)
GO

INSERT [dbo].[Order] ([Id], [Employee_Id], [OrderTime], [Remark], [SequenceId]) VALUES (N'595e7d51-318c-39e8-1377-d9ebc53aac3d', N'7e336cda-7f4c-3a8e-3895-2c566fa88632', CAST(N'2006-11-27T19:27:14.600' AS DateTime), N'X84562GJ51X219P511578H43320Z', 49)
GO

INSERT [dbo].[Order] ([Id], [Employee_Id], [OrderTime], [Remark], [SequenceId]) VALUES (N'1d05a704-5376-15ba-1477-d9ebc53aac3d', N'2bd742e7-2f5a-3eae-241e-21c6d80fbd76', CAST(N'1993-04-14T02:08:22.860' AS DateTime), N'P542L9', 53)
GO

INSERT [dbo].[Order] ([Id], [Employee_Id], [OrderTime], [Remark], [SequenceId]) VALUES (N'6d489b13-7396-7986-1577-d9ebc53aac3d', N'228b85f5-52b1-2110-e069-4afe230d73a5', CAST(N'1998-12-09T02:51:15.880' AS DateTime), N'I7M7I286EF837K4Z750587LK41G01', 59)
GO

INSERT [dbo].[Order] ([Id], [Employee_Id], [OrderTime], [Remark], [SequenceId]) VALUES (N'28a16581-1fd1-546b-1677-d9ebc53aac3d', N'69b684a9-3962-48e7-56cb-b8d37b68af4d', CAST(N'2004-03-12T01:07:18.360' AS DateTime), N'N06IQI2190M6AWF8', 71)
GO

INSERT [dbo].[Order] ([Id], [Employee_Id], [OrderTime], [Remark], [SequenceId]) VALUES (N'1906737f-3aed-5704-1777-d9ebc53aac3d', N'42e76f39-5529-3e7f-e369-4afe230d73a5', CAST(N'1986-01-11T10:23:40.200' AS DateTime), N'I6CJ1', 75)
GO

INSERT [dbo].[Order] ([Id], [Employee_Id], [OrderTime], [Remark], [SequenceId]) VALUES (N'66ef0b11-1892-1443-1877-d9ebc53aac3d', N'131cd73b-3657-43f5-201e-21c6d80fbd76', CAST(N'1993-07-12T19:37:52.570' AS DateTime), N'7759Q662927P0', 82)
GO

INSERT [dbo].[Order] ([Id], [Employee_Id], [OrderTime], [Remark], [SequenceId]) VALUES (N'5eaa6527-768d-3ae7-1977-d9ebc53aac3d', N'3679a94f-304b-6e8d-53cb-b8d37b68af4d', CAST(N'1999-09-27T13:25:28.410' AS DateTime), N'51', 90)
GO

INSERT [dbo].[Order] ([Id], [Employee_Id], [OrderTime], [Remark], [SequenceId]) VALUES (N'7a301ea4-331e-73f6-1a77-d9ebc53aac3d', N'42e76f39-5529-3e7f-e369-4afe230d73a5', CAST(N'1996-01-09T19:36:55.230' AS DateTime), N'79U8', 92)
GO

INSERT [dbo].[Order] ([Id], [Employee_Id], [OrderTime], [Remark], [SequenceId]) VALUES (N'50c07587-55d5-5b36-1b77-d9ebc53aac3d', N'7e336cda-7f4c-3a8e-3895-2c566fa88632', CAST(N'1985-12-20T10:31:00.770' AS DateTime), N'7457H74VW1202ZA1ST16I3B4ZU27M7NDT2UMX699D7D988H1O5', 95)
GO

INSERT [dbo].[Order] ([Id], [Employee_Id], [OrderTime], [Remark], [SequenceId]) VALUES (N'5fab4ff7-1b8e-64d0-1880-de64d090a2c2', N'3e1a01ba-4a49-2570-2d26-978952f080e4', CAST(N'2017-11-08T17:10:32.620' AS DateTime), N'UH', 8)
GO

INSERT [dbo].[Order] ([Id], [Employee_Id], [OrderTime], [Remark], [SequenceId]) VALUES (N'13ede5b6-19dd-563e-1980-de64d090a2c2', N'67408602-4805-48a7-224a-aea48a10ed18', CAST(N'2012-11-21T04:54:21.060' AS DateTime), N'PT8394S', 16)
GO

INSERT [dbo].[Order] ([Id], [Employee_Id], [OrderTime], [Remark], [SequenceId]) VALUES (N'5de704c2-573f-1a71-1a80-de64d090a2c2', NULL, NULL, NULL, 25)
GO

INSERT [dbo].[Order] ([Id], [Employee_Id], [OrderTime], [Remark], [SequenceId]) VALUES (N'35c3a053-254d-33f3-1b80-de64d090a2c2', N'6d3b9bea-50e2-3fe2-3d95-2c566fa88632', CAST(N'2017-09-10T00:57:16.830' AS DateTime), N'02949VKITJG14U7OOPUV0', 36)
GO

INSERT [dbo].[Order] ([Id], [Employee_Id], [OrderTime], [Remark], [SequenceId]) VALUES (N'2f4cc91d-6f13-4b4c-1c80-de64d090a2c2', N'2997b570-182c-1e2e-2c26-978952f080e4', CAST(N'1979-06-28T23:39:17.780' AS DateTime), N'Q3162K9WS5HQ5DQN0VS2', 66)
GO

INSERT [dbo].[Order] ([Id], [Employee_Id], [OrderTime], [Remark], [SequenceId]) VALUES (N'4bf9ecda-2d8e-1724-1d80-de64d090a2c2', N'6acf37bb-5f8e-320e-3969-9f77bda75690', CAST(N'1985-11-04T20:35:36.090' AS DateTime), N'49G815P32FI5', 81)
GO

SET IDENTITY_INSERT [dbo].[Order] OFF
GO
